id,first_name,last_name,email,gender,ip_address
1,Maudie,Shallcross,mshallcross0@privacy.gov.au,Bigender,155.210.63.64
2,Sander,Fido,sfido1@yandex.ru,Genderqueer,9.183.156.36
3,Sansone,McKinnon,smckinnon2@jigsy.com,Male,33.127.89.173
4,Neysa,Kermeen,nkermeen3@nhs.uk,Genderqueer,236.114.237.119
5,Adorne,Sowray,asowray4@youtu.be,Genderfluid,249.169.244.80
6,Nanon,Bernardot,nbernardot5@over-blog.com,Agender,87.49.164.183
7,Alphard,Viall,aviall6@usatoday.com,Bigender,113.85.246.115
8,Sayer,Lempertz,slempertz7@sciencedirect.com,Genderqueer,148.214.186.15
9,Georgena,Geertje,ggeertje8@desdev.cn,Non-binary,145.230.223.168
10,Ailey,McClifferty,amcclifferty9@house.gov,Polygender,65.162.166.133
11,Mikol,Suttill,msuttilla@feedburner.com,Non-binary,87.142.85.146
12,Alidia,Rubinsztein,arubinszteinb@accuweather.com,Non-binary,158.126.240.36
13,Townsend,Charnick,tcharnickc@pagesperso-orange.fr,Bigender,244.147.85.216
14,Zabrina,Matterface,zmatterfaced@hostgator.com,Male,181.195.246.63
15,Meredith,Hartill,mhartille@cbsnews.com,Bigender,125.1.73.60
16,Findlay,Slott,fslottf@sfgate.com,Male,166.214.40.43
17,Leigh,Shimman,lshimmang@addthis.com,Bigender,94.62.174.105
18,Theodore,Tomasello,ttomaselloh@mtv.com,Female,195.67.6.33
19,Somerset,Darter,sdarteri@google.it,Non-binary,38.182.14.219
20,Malachi,Shemelt,mshemeltj@meetup.com,Bigender,252.251.63.31
21,Onfroi,Polotti,opolottik@mozilla.com,Non-binary,190.44.22.129
22,Philippa,Whiteley,pwhiteleyl@ehow.com,Non-binary,172.202.77.236
23,Butch,Buckenham,bbuckenhamm@cnet.com,Agender,178.175.149.70
24,Philly,Esbrook,pesbrookn@devhub.com,Agender,255.10.6.255
25,Monah,Levens,mlevenso@t-online.de,Genderfluid,235.64.26.25
26,Milka,Lyttle,mlyttlep@bloomberg.com,Agender,10.86.236.26
27,Hollyanne,Brion,hbrionq@elegantthemes.com,Bigender,8.81.158.73
28,Cathi,Perfitt,cperfittr@ibm.com,Bigender,171.78.213.76
29,Lamont,Gogay,lgogays@csmonitor.com,Male,157.32.139.153
30,Harlen,Hurrell,hhurrellt@telegraph.co.uk,Genderqueer,45.2.224.89
31,Tammi,Juara,tjuarau@amazon.com,Genderqueer,139.243.161.251
32,Rochella,Errol,rerrolv@storify.com,Genderqueer,240.131.225.182
33,Gaby,Gobert,ggobertw@nbcnews.com,Genderqueer,179.160.49.229
34,Florie,Bendix,fbendixx@admin.ch,Bigender,208.153.41.41
35,Park,Gonthard,pgonthardy@smugmug.com,Female,213.41.220.46
36,Caryn,Clyant,cclyantz@auda.org.au,Genderqueer,109.157.72.116
37,Bronson,Aizikowitz,baizikowitz10@xinhuanet.com,Genderfluid,31.12.181.167
38,Sharia,Meeson,smeeson11@microsoft.com,Genderfluid,133.212.219.132
39,Alameda,Prigg,aprigg12@blog.com,Bigender,75.181.238.101
40,Peri,Chomicki,pchomicki13@state.tx.us,Female,243.225.219.47
41,Penelopa,Ambrosch,pambrosch14@fda.gov,Non-binary,111.41.70.73
42,Nari,Bate,nbate15@gnu.org,Genderqueer,80.45.134.168
43,Heidie,Kisbey,hkisbey16@fc2.com,Male,113.22.59.199
44,Niko,Littleproud,nlittleproud17@reverbnation.com,Female,232.180.93.7
45,Ronald,Ible,rible18@over-blog.com,Polygender,251.247.100.236
46,Joanne,Redd,jredd19@4shared.com,Polygender,207.73.34.200
47,Jareb,Ivoshin,jivoshin1a@seesaa.net,Bigender,147.3.95.38
48,Daniel,Hamley,dhamley1b@netscape.com,Agender,55.204.182.144
49,Ebeneser,Ingle,eingle1c@vimeo.com,Bigender,180.79.141.237
50,Kristoforo,Please,kplease1d@netvibes.com,Male,179.212.57.247
51,Ginny,Lawly,glawly1e@dell.com,Genderfluid,21.58.100.1
52,Arvie,Bydaway,abydaway1f@netvibes.com,Polygender,205.20.227.68
53,Salim,Elson,selson1g@go.com,Female,36.7.241.56
54,Cobbie,Brinkworth,cbrinkworth1h@examiner.com,Polygender,32.9.125.120
55,Jacob,Showl,jshowl1i@youtube.com,Non-binary,51.12.188.167
56,Milt,Hirthe,mhirthe1j@washingtonpost.com,Non-binary,40.246.117.185
57,Winifield,Barrington,wbarrington1k@freewebs.com,Agender,177.161.205.191
58,Bili,Dziwisz,bdziwisz1l@engadget.com,Female,119.225.238.39
59,Jannel,McClurg,jmcclurg1m@uiuc.edu,Agender,37.151.213.114
60,Maggee,Rowntree,mrowntree1n@cbc.ca,Non-binary,211.106.255.193
61,Verine,Lempenny,vlempenny1o@oracle.com,Female,1.65.100.209
62,Janis,Ferneyhough,jferneyhough1p@yellowbook.com,Genderqueer,156.82.203.1
63,Vita,Ceely,vceely1q@telegraph.co.uk,Genderqueer,55.48.4.83
64,Talbot,Bownde,tbownde1r@soup.io,Polygender,121.244.203.63
65,Francoise,Girkin,fgirkin1s@icq.com,Genderfluid,156.137.42.94
66,Rufe,Breed,rbreed1t@time.com,Bigender,98.8.103.125
67,Florentia,Burvill,fburvill1u@yandex.ru,Female,219.197.137.153
68,Nelia,Maharry,nmaharry1v@uiuc.edu,Non-binary,216.72.81.164
69,Alidia,Bayston,abayston1w@bloglovin.com,Female,131.75.152.36
70,Rosalie,Satterfitt,rsatterfitt1x@comsenz.com,Agender,212.17.224.80
71,Dalia,Mumberson,dmumberson1y@ibm.com,Non-binary,220.235.200.29
72,Teressa,Alejo,talejo1z@cpanel.net,Female,114.108.179.35
73,Gib,Gillis,ggillis20@ehow.com,Bigender,24.64.210.96
74,Georgianne,Heiden,gheiden21@buzzfeed.com,Polygender,109.83.56.35
75,Rickard,Boddy,rboddy22@instagram.com,Non-binary,78.222.107.5
76,Pate,Moriarty,pmoriarty23@army.mil,Agender,248.238.156.126
77,Eve,Branchflower,ebranchflower24@free.fr,Female,31.230.95.233
78,Ambrose,Enterlein,aenterlein25@sbwire.com,Polygender,57.210.202.134
79,Peadar,Saxelby,psaxelby26@naver.com,Genderqueer,10.33.141.203
80,Zorina,Pencott,zpencott27@liveinternet.ru,Non-binary,4.61.217.73
81,Felicity,Cridlan,fcridlan28@narod.ru,Non-binary,71.240.22.167
82,Lin,Shephard,lshephard29@yahoo.com,Male,24.33.210.60
83,Casi,Hillyatt,chillyatt2a@xrea.com,Genderfluid,60.103.69.219
84,Marjy,Spiteri,mspiteri2b@studiopress.com,Genderqueer,178.249.18.13
85,Fulton,Walaron,fwalaron2c@si.edu,Non-binary,4.29.138.76
86,Horace,Pate,hpate2d@paginegialle.it,Genderqueer,83.117.134.133
87,Dickie,Crampton,dcrampton2e@amazonaws.com,Polygender,76.146.158.144
88,George,Moir,gmoir2f@psu.edu,Genderfluid,163.65.157.107
89,Jarrad,Cardello,jcardello2g@un.org,Polygender,109.87.17.100
90,Dorie,Fillon,dfillon2h@g.co,Female,146.155.73.9
91,Liam,Bottle,lbottle2i@wikimedia.org,Female,161.209.69.35
92,Agosto,Johncey,ajohncey2j@umn.edu,Agender,162.180.169.183
93,Fianna,Bonick,fbonick2k@marriott.com,Male,188.210.177.236
94,Jayson,Jennick,jjennick2l@comcast.net,Polygender,23.49.26.240
95,Harmon,Huddleston,hhuddleston2m@who.int,Male,100.166.105.91
96,Caresa,Calkin,ccalkin2n@apache.org,Female,199.164.250.76
97,Elbert,Jandl,ejandl2o@comcast.net,Male,246.196.115.42
98,Abagail,Tranfield,atranfield2p@quantcast.com,Non-binary,192.32.159.18
99,Corena,Hortop,chortop2q@indiatimes.com,Genderfluid,99.41.108.147
100,Sawyere,Lavallin,slavallin2r@thetimes.co.uk,Genderqueer,31.242.89.69
101,Cordell,Ellum,cellum2s@wunderground.com,Agender,9.149.245.232
102,Gustavo,McKeighan,gmckeighan2t@behance.net,Genderfluid,119.186.226.150
103,Edmon,Loosley,eloosley2u@chronoengine.com,Polygender,244.3.173.173
104,Mikael,Kreber,mkreber2v@friendfeed.com,Polygender,81.79.91.103
105,Lian,Grisewood,lgrisewood2w@dagondesign.com,Bigender,144.49.229.32
106,Ethan,Ledgard,eledgard2x@biblegateway.com,Non-binary,9.89.150.66
107,Jenda,Netherclift,jnetherclift2y@soundcloud.com,Bigender,237.148.12.88
108,Arvie,Di Roberto,adiroberto2z@etsy.com,Female,236.62.142.69
109,Matteo,McIlveen,mmcilveen30@nymag.com,Non-binary,113.102.170.48
110,Jessie,Brady,jbrady31@a8.net,Genderqueer,238.237.213.64
111,Hannah,Clamp,hclamp32@indiatimes.com,Female,191.206.190.131
112,Kara,Selburn,kselburn33@facebook.com,Female,134.100.42.17
113,Drew,Smidmor,dsmidmor34@spiegel.de,Polygender,152.217.160.176
114,Phyllys,Wye,pwye35@google.co.jp,Non-binary,22.39.17.55
115,Julee,Gladdin,jgladdin36@dot.gov,Polygender,41.15.30.101
116,Mikel,Rosewarne,mrosewarne37@fema.gov,Polygender,5.118.184.27
117,Boony,Biagi,bbiagi38@senate.gov,Female,245.94.108.156
118,Douglas,Willson,dwillson39@histats.com,Genderfluid,164.35.19.31
119,Melanie,Van der Velden,mvandervelden3a@sogou.com,Polygender,237.39.174.106
120,Marlo,Beade,mbeade3b@theguardian.com,Non-binary,175.77.149.91
121,Gabriela,Kepling,gkepling3c@about.me,Genderfluid,126.207.124.77
122,Tan,Espin,tespin3d@parallels.com,Polygender,141.60.13.102
123,Zelda,Kyles,zkyles3e@hhs.gov,Genderqueer,92.217.202.125
124,Gilligan,Stoke,gstoke3f@spiegel.de,Male,204.140.200.127
125,Brady,Loud,bloud3g@sitemeter.com,Bigender,64.6.5.192
126,Deanna,Semeniuk,dsemeniuk3h@va.gov,Bigender,218.105.250.177
127,Rhianna,Loughead,rloughead3i@hud.gov,Agender,63.55.215.253
128,Karlens,Pauncefoot,kpauncefoot3j@oakley.com,Bigender,242.251.214.101
129,Mitch,Tench,mtench3k@skyrock.com,Agender,198.153.226.17
130,Lloyd,Velareal,lvelareal3l@g.co,Agender,141.93.234.29
131,Oswell,Testo,otesto3m@hao123.com,Agender,198.251.76.31
132,Cathee,Schutte,cschutte3n@globo.com,Non-binary,50.245.39.86
133,Boote,Mourant,bmourant3o@facebook.com,Genderfluid,66.66.223.71
134,Karel,Bengle,kbengle3p@nationalgeographic.com,Female,170.235.245.87
135,Bertina,Batha,bbatha3q@drupal.org,Agender,21.189.113.142
136,Rosita,Azema,razema3r@1und1.de,Male,128.156.208.87
137,Kip,Cawley,kcawley3s@blinklist.com,Non-binary,203.9.142.56
138,Akim,Severs,asevers3t@soundcloud.com,Non-binary,10.183.58.49
139,Dayna,Shuxsmith,dshuxsmith3u@arstechnica.com,Bigender,157.196.12.38
140,Lyda,Durden,ldurden3v@yellowpages.com,Bigender,126.63.94.248
141,Berny,Bennis,bbennis3w@google.fr,Genderfluid,245.153.253.99
142,Thatch,Dutchburn,tdutchburn3x@google.fr,Genderfluid,185.34.217.233
143,Nikolaus,Trosdall,ntrosdall3y@vk.com,Non-binary,194.255.94.205
144,Ignaz,Yearnsley,iyearnsley3z@answers.com,Genderfluid,241.152.206.71
145,Meghan,Illem,millem40@simplemachines.org,Genderqueer,83.41.85.172
146,Johnna,Stanbrooke,jstanbrooke41@drupal.org,Genderqueer,64.165.38.4
147,Laural,Rablin,lrablin42@cornell.edu,Bigender,228.168.105.195
148,Dona,Darrel,ddarrel43@technorati.com,Female,165.132.53.112
149,Raul,Snibson,rsnibson44@theatlantic.com,Agender,124.42.194.251
150,Ingunna,Faraday,ifaraday45@deliciousdays.com,Non-binary,72.10.118.246
151,Normand,Lanfear,nlanfear46@patch.com,Polygender,178.174.242.192
152,Doria,Errichiello,derrichiello47@4shared.com,Polygender,87.102.137.51
153,Dory,Aicken,daicken48@tiny.cc,Male,76.3.238.95
154,Wolfy,MacCrossan,wmaccrossan49@ucoz.ru,Agender,101.216.49.93
155,Maryjo,Luciano,mluciano4a@answers.com,Genderqueer,214.200.202.115
156,Eliot,Medling,emedling4b@samsung.com,Genderqueer,150.118.94.61
157,Roth,Malinowski,rmalinowski4c@parallels.com,Genderqueer,40.223.159.249
158,Elisa,Rosentholer,erosentholer4d@arstechnica.com,Male,95.114.85.5
159,Graeme,Westoff,gwestoff4e@hp.com,Female,146.114.157.33
160,Gwendolyn,Vossing,gvossing4f@yahoo.com,Non-binary,165.164.200.6
161,Gladi,Willingham,gwillingham4g@umich.edu,Genderqueer,29.189.33.113
162,Larine,Bakster,lbakster4h@bizjournals.com,Male,123.152.19.35
163,Vere,Naul,vnaul4i@netvibes.com,Male,245.56.116.189
164,Reggis,Thominga,rthominga4j@a8.net,Genderfluid,55.55.72.199
165,Cyndie,Combe,ccombe4k@alexa.com,Genderqueer,151.132.104.170
166,Cris,Tompion,ctompion4l@msn.com,Genderfluid,184.152.112.138
167,Itch,Hanburry,ihanburry4m@gizmodo.com,Genderfluid,220.80.151.15
168,Linus,Urpeth,lurpeth4n@goo.gl,Female,168.19.38.9
169,Kay,Manford,kmanford4o@aol.com,Genderqueer,18.174.240.237
170,Martica,Gerwood,mgerwood4p@yelp.com,Female,143.155.23.243
171,Arny,Westover,awestover4q@msn.com,Non-binary,15.16.255.119
172,Esmeralda,Benasik,ebenasik4r@disqus.com,Agender,12.208.22.89
173,Gregorius,Steiner,gsteiner4s@vk.com,Polygender,107.127.179.244
174,Glenna,Tailby,gtailby4t@hubpages.com,Non-binary,168.148.70.14
175,Merrill,Beamont,mbeamont4u@europa.eu,Male,37.121.81.160
176,Baily,Fanti,bfanti4v@gravatar.com,Bigender,174.102.177.223
177,Laurie,Ivannikov,livannikov4w@walmart.com,Agender,133.206.251.38
178,Ailis,Hallward,ahallward4x@blogspot.com,Female,46.36.214.223
179,Juana,Dudill,jdudill4y@hugedomains.com,Non-binary,36.215.98.21
180,Emory,Otton,eotton4z@plala.or.jp,Bigender,158.91.62.137
181,Jermayne,Robardley,jrobardley50@earthlink.net,Bigender,111.103.26.23
182,Dion,Budibent,dbudibent51@biglobe.ne.jp,Genderfluid,142.154.63.236
183,Viv,Biset,vbiset52@skyrock.com,Male,50.119.250.98
184,Walker,Gebhardt,wgebhardt53@ucoz.ru,Bigender,158.247.239.97
185,Titus,Dyde,tdyde54@yahoo.com,Genderfluid,63.17.212.167
186,Horatius,Dron,hdron55@discuz.net,Male,252.136.23.6
187,Guilbert,Depport,gdepport56@twitpic.com,Non-binary,38.48.242.32
188,Lorenzo,Philipart,lphilipart57@bizjournals.com,Genderfluid,192.102.153.153
189,Town,Bewshaw,tbewshaw58@china.com.cn,Bigender,61.208.137.90
190,Christiana,Carlo,ccarlo59@hp.com,Agender,162.116.22.160
191,Jaine,Jardine,jjardine5a@bizjournals.com,Agender,51.162.224.73
192,Rozella,Putt,rputt5b@techcrunch.com,Bigender,58.133.195.162
193,Mylo,Thouless,mthouless5c@soup.io,Agender,108.35.236.71
194,Amelie,Leven,aleven5d@unicef.org,Polygender,15.186.6.74
195,Patrice,Varnals,pvarnals5e@printfriendly.com,Polygender,111.6.8.135
196,Costanza,Swallwell,cswallwell5f@europa.eu,Agender,159.230.241.220
197,Garik,Flegg,gflegg5g@ucla.edu,Non-binary,75.161.71.98
198,Cristabel,Legendre,clegendre5h@sun.com,Agender,35.197.81.80
199,Geralda,Greening,ggreening5i@mtv.com,Male,35.88.117.91
200,Yoshi,Stygall,ystygall5j@senate.gov,Non-binary,37.212.188.31
201,Cyndia,Geraldini,cgeraldini5k@wordpress.com,Polygender,251.127.226.216
202,Cori,Whittaker,cwhittaker5l@yellowbook.com,Male,93.230.146.172
203,Andree,Greatbach,agreatbach5m@theglobeandmail.com,Polygender,195.83.122.98
204,Netta,Tramel,ntramel5n@google.fr,Polygender,161.45.208.230
205,Artemas,Rubie,arubie5o@hp.com,Male,83.181.116.128
206,Allene,Polsin,apolsin5p@over-blog.com,Genderqueer,185.53.216.183
207,Mella,Sibbert,msibbert5q@storify.com,Genderqueer,200.125.89.108
208,Shayna,Rivitt,srivitt5r@dagondesign.com,Agender,36.104.198.182
209,Rolf,China,rchina5s@youtube.com,Female,59.61.64.36
210,Kakalina,Rushbrook,krushbrook5t@theglobeandmail.com,Female,26.233.84.86
211,Jimmy,Braban,jbraban5u@whitehouse.gov,Polygender,175.180.65.114
212,Brett,Cahillane,bcahillane5v@hao123.com,Male,248.181.63.104
213,Pennie,Bartalini,pbartalini5w@purevolume.com,Genderfluid,60.239.57.187
214,Ferdinand,Broxap,fbroxap5x@examiner.com,Genderqueer,183.112.195.63
215,Pierce,Eastcourt,peastcourt5y@stanford.edu,Bigender,11.87.244.125
216,Oliy,Ledster,oledster5z@purevolume.com,Genderfluid,158.191.208.24
217,Stevena,Malkie,smalkie60@squidoo.com,Genderqueer,246.128.199.89
218,Beilul,Everex,beverex61@nba.com,Genderqueer,78.51.178.3
219,Genna,MacFaell,gmacfaell62@simplemachines.org,Agender,153.129.94.239
220,Melisent,Tomasino,mtomasino63@nba.com,Genderqueer,18.130.204.139
221,Mikkel,Auckland,mauckland64@dailymotion.com,Polygender,80.247.50.185
222,Olympia,Casely,ocasely65@gravatar.com,Male,222.163.242.161
223,Orlan,Blundon,oblundon66@cbc.ca,Female,191.72.235.248
224,Mirelle,Abbie,mabbie67@parallels.com,Non-binary,202.106.129.229
225,Anneliese,Cromb,acromb68@theguardian.com,Agender,240.144.60.38
226,Mose,Roizn,mroizn69@smugmug.com,Non-binary,55.79.196.229
227,Christie,Mathy,cmathy6a@amazonaws.com,Agender,4.91.26.107
228,Kylen,Frankcom,kfrankcom6b@simplemachines.org,Bigender,11.213.100.35
229,Nancee,Chown,nchown6c@theatlantic.com,Polygender,157.253.95.174
230,Karol,Brolly,kbrolly6d@narod.ru,Bigender,99.186.73.72
231,Corrina,Blakeslee,cblakeslee6e@behance.net,Genderfluid,66.220.112.9
232,Rosene,Bickford,rbickford6f@dailymail.co.uk,Non-binary,235.11.193.224
233,Towny,Pawel,tpawel6g@cocolog-nifty.com,Bigender,201.120.214.159
234,Jeno,Scemp,jscemp6h@disqus.com,Genderqueer,81.213.109.185
235,Lorri,Bourrel,lbourrel6i@sina.com.cn,Genderqueer,241.208.139.221
236,Filmer,Klampt,fklampt6j@chron.com,Non-binary,121.40.131.128
237,Shelby,Courtonne,scourtonne6k@indiatimes.com,Polygender,173.26.248.109
238,Sibby,Kermon,skermon6l@wikispaces.com,Female,149.204.1.73
239,Archibaldo,Tourne,atourne6m@cdbaby.com,Polygender,195.182.43.167
240,Lenna,Legier,llegier6n@networksolutions.com,Agender,119.119.203.114
241,Ludovico,Voyce,lvoyce6o@shinystat.com,Genderfluid,212.139.167.234
242,Samara,Stambridge,sstambridge6p@deliciousdays.com,Genderqueer,184.227.210.142
243,Owen,Castelletto,ocastelletto6q@163.com,Genderfluid,145.254.155.119
244,Hamil,Drohan,hdrohan6r@newyorker.com,Bigender,117.165.43.246
245,Jacintha,Attoe,jattoe6s@w3.org,Male,114.170.2.60
246,Christen,Gossage,cgossage6t@twitter.com,Male,57.226.242.78
247,Egon,Jilkes,ejilkes6u@hostgator.com,Non-binary,14.223.62.140
248,Hugo,Hardacre,hhardacre6v@youtu.be,Non-binary,174.246.175.41
249,Ilsa,Byles,ibyles6w@imgur.com,Polygender,99.231.110.109
250,Christiano,Bend,cbend6x@prnewswire.com,Bigender,93.205.198.223
251,Merrielle,Commusso,mcommusso6y@tinyurl.com,Female,90.181.151.183
252,Agna,Kalkofen,akalkofen6z@godaddy.com,Bigender,181.37.181.81
253,Ervin,Woolston,ewoolston70@dailymotion.com,Non-binary,13.46.45.239
254,Alisa,Sinfield,asinfield71@smugmug.com,Bigender,36.5.103.226
255,Gina,Villaret,gvillaret72@google.nl,Agender,116.64.125.116
256,Aleta,Lunt,alunt73@tmall.com,Female,128.194.136.81
257,Barney,Desorts,bdesorts74@princeton.edu,Polygender,139.233.17.146
258,Irwinn,Gatfield,igatfield75@independent.co.uk,Non-binary,82.63.195.146
259,Karoly,Cristofvao,kcristofvao76@phoca.cz,Non-binary,59.3.2.223
260,Fionnula,Carlton,fcarlton77@amazon.de,Genderfluid,80.194.20.21
261,Hephzibah,Sawl,hsawl78@un.org,Genderqueer,174.172.35.210
262,Iris,Logan,ilogan79@google.com.hk,Genderqueer,255.205.23.23
263,Vaclav,Meek,vmeek7a@si.edu,Male,175.149.230.94
264,Odilia,Abela,oabela7b@goo.ne.jp,Male,163.164.177.149
265,Nert,Kydd,nkydd7c@blogs.com,Genderqueer,103.154.75.51
266,Fred,Burges,fburges7d@china.com.cn,Genderfluid,122.57.94.193
267,Raychel,Lindwasser,rlindwasser7e@eepurl.com,Bigender,164.35.185.30
268,Alanson,Cristoforo,acristoforo7f@noaa.gov,Agender,66.69.237.236
269,Flossy,Hughland,fhughland7g@typepad.com,Female,225.86.70.61
270,Lloyd,Camelia,lcamelia7h@sciencedaily.com,Genderqueer,86.108.182.186
271,Bria,Kingett,bkingett7i@illinois.edu,Non-binary,45.87.181.129
272,Romeo,Haggett,rhaggett7j@usgs.gov,Genderfluid,74.191.13.145
273,Carling,Munro,cmunro7k@phoca.cz,Bigender,220.184.187.78
274,Emery,Belfelt,ebelfelt7l@dot.gov,Genderfluid,176.6.58.240
275,Dena,Brownsworth,dbrownsworth7m@whitehouse.gov,Non-binary,153.29.188.187
276,Donetta,Slogrove,dslogrove7n@bbc.co.uk,Bigender,94.59.208.226
277,Jourdain,Moncrefe,jmoncrefe7o@hatena.ne.jp,Genderqueer,186.118.12.122
278,Alard,Halleday,ahalleday7p@google.com.hk,Agender,109.192.73.143
279,Kitty,McQuin,kmcquin7q@skype.com,Male,187.248.157.240
280,Layne,Berick,lberick7r@taobao.com,Genderfluid,242.255.97.55
281,Herbert,Meneux,hmeneux7s@mit.edu,Genderfluid,75.97.190.194
282,Kelwin,Bartelet,kbartelet7t@ed.gov,Male,61.244.236.215
283,Charlot,Plessing,cplessing7u@xing.com,Genderfluid,158.127.111.154
284,Alli,Addenbrooke,aaddenbrooke7v@ycombinator.com,Bigender,141.101.33.16
285,Kippar,Mitchley,kmitchley7w@domainmarket.com,Non-binary,133.5.194.164
286,Lilla,Brennan,lbrennan7x@home.pl,Genderfluid,98.130.235.55
287,Sayre,MacGillivrie,smacgillivrie7y@blogger.com,Female,53.193.207.76
288,Alf,Skeech,askeech7z@cbc.ca,Genderqueer,109.69.57.61
289,Raquela,Goodisson,rgoodisson80@storify.com,Polygender,25.144.249.97
290,Alexi,Chatburn,achatburn81@posterous.com,Female,152.188.101.36
291,Ansell,Halksworth,ahalksworth82@ehow.com,Female,32.28.98.16
292,Bernadine,Vokins,bvokins83@phoca.cz,Non-binary,38.25.130.187
293,Edi,Snipe,esnipe84@hubpages.com,Polygender,2.231.253.102
294,Sutton,Seals,sseals85@sakura.ne.jp,Female,156.252.85.88
295,Johnny,Serjent,jserjent86@dagondesign.com,Male,111.19.71.194
296,Helge,Cattlow,hcattlow87@deviantart.com,Female,255.226.50.21
297,Gabe,Elliss,gelliss88@gravatar.com,Non-binary,109.138.64.99
298,Lorie,Tinklin,ltinklin89@skyrock.com,Non-binary,123.26.30.202
299,Torrance,Arlt,tarlt8a@biblegateway.com,Bigender,49.4.53.182
300,Dunn,Ertelt,dertelt8b@e-recht24.de,Bigender,43.219.215.63
301,Ely,Collis,ecollis8c@reuters.com,Polygender,175.31.100.161
302,Valencia,Stoller,vstoller8d@constantcontact.com,Bigender,144.42.188.210
303,Rebekah,Wortley,rwortley8e@typepad.com,Genderqueer,117.119.162.173
304,Adolphe,Blacker,ablacker8f@yale.edu,Genderqueer,115.240.102.190
305,Neale,Bierling,nbierling8g@macromedia.com,Genderqueer,24.21.250.197
306,Celinda,Flecknell,cflecknell8h@flavors.me,Non-binary,169.223.104.241
307,Alyson,McKimmie,amckimmie8i@prnewswire.com,Male,86.193.155.5
308,Bernita,Parradine,bparradine8j@jugem.jp,Male,31.220.101.43
309,Phaedra,Govenlock,pgovenlock8k@sakura.ne.jp,Agender,206.190.196.116
310,Valerie,Brauner,vbrauner8l@vimeo.com,Genderqueer,4.246.175.109
311,Madalyn,Pincked,mpincked8m@istockphoto.com,Genderfluid,22.60.246.184
312,Tanya,Elloy,telloy8n@spiegel.de,Male,55.70.198.219
313,Muffin,Jurgensen,mjurgensen8o@printfriendly.com,Non-binary,46.24.252.141
314,Moselle,Sail,msail8p@wikispaces.com,Female,246.148.112.243
315,Carmela,Claasen,cclaasen8q@skyrock.com,Genderqueer,204.40.171.199
316,Foster,Brislawn,fbrislawn8r@jiathis.com,Male,97.54.133.135
317,Catharina,Shute,cshute8s@google.de,Polygender,222.218.203.39
318,Lucius,Klosa,lklosa8t@guardian.co.uk,Bigender,29.236.70.31
319,Zeke,Goodding,zgoodding8u@archive.org,Female,54.127.235.139
320,Lilia,Cayette,lcayette8v@weebly.com,Female,143.225.91.215
321,Welbie,Harwood,wharwood8w@ftc.gov,Non-binary,42.131.14.136
322,Karon,Penswick,kpenswick8x@npr.org,Non-binary,4.201.129.65
323,Trip,Dollard,tdollard8y@si.edu,Male,53.216.42.210
324,Anne-marie,Eagles,aeagles8z@tiny.cc,Genderfluid,205.14.174.243
325,Gerhard,Vautier,gvautier90@samsung.com,Non-binary,58.214.84.255
326,Maxine,Chandler,mchandler91@npr.org,Male,125.87.142.107
327,Blanche,Bruntjen,bbruntjen92@rediff.com,Genderfluid,30.250.157.204
328,Bettye,Buckie,bbuckie93@sina.com.cn,Non-binary,142.124.103.167
329,Jacinta,Townsend,jtownsend94@amazon.co.uk,Non-binary,83.34.119.145
330,Mellisa,Wands,mwands95@networkadvertising.org,Male,142.209.47.35
331,Vere,McCullogh,vmccullogh96@reddit.com,Agender,95.131.14.174
332,Linnie,McKinn,lmckinn97@ca.gov,Male,90.59.120.195
333,Emmy,Bison,ebison98@naver.com,Agender,223.61.120.6
334,Ferdinanda,Bassom,fbassom99@goo.gl,Genderfluid,165.14.76.144
335,Joceline,Brevetor,jbrevetor9a@studiopress.com,Genderfluid,165.229.208.175
336,Fayette,Brecken,fbrecken9b@qq.com,Non-binary,53.109.132.21
337,Gregorius,O'Towey,gotowey9c@chicagotribune.com,Female,76.126.37.99
338,Ivett,Mole,imole9d@theguardian.com,Agender,134.222.135.165
339,Hilarius,Keers,hkeers9e@mashable.com,Male,223.70.201.89
340,Cecilio,Inger,cinger9f@ifeng.com,Non-binary,68.196.49.112
341,Gerik,Impett,gimpett9g@usgs.gov,Genderfluid,78.110.44.11
342,Had,Strathe,hstrathe9h@springer.com,Polygender,215.137.226.42
343,Webster,Zmitruk,wzmitruk9i@miitbeian.gov.cn,Polygender,17.151.156.15
344,Cecil,Eakley,ceakley9j@state.gov,Polygender,165.12.66.93
345,Bel,Elintune,belintune9k@weather.com,Polygender,61.170.224.45
346,Marlin,Welch,mwelch9l@posterous.com,Genderfluid,36.148.252.118
347,Erminia,Ayliff,eayliff9m@etsy.com,Non-binary,127.238.157.244
348,Jackquelin,Pech,jpech9n@last.fm,Genderqueer,57.244.235.139
349,Kare,Torrecilla,ktorrecilla9o@lulu.com,Non-binary,125.95.227.138
350,Gregor,Ribey,gribey9p@diigo.com,Bigender,78.193.247.112
351,Melloney,Rossbrooke,mrossbrooke9q@mysql.com,Bigender,154.226.249.42
352,Danni,Fryman,dfryman9r@npr.org,Non-binary,191.18.140.92
353,Kai,Weatherup,kweatherup9s@latimes.com,Genderfluid,253.40.127.15
354,Carleen,Greenley,cgreenley9t@com.com,Female,183.11.143.78
355,Nathalie,Sturdey,nsturdey9u@dagondesign.com,Bigender,76.111.235.1
356,Durante,Ledekker,dledekker9v@gravatar.com,Bigender,156.163.26.0
357,Rhetta,Swindle,rswindle9w@cocolog-nifty.com,Bigender,84.185.198.78
358,Geraldine,Yukhnov,gyukhnov9x@bing.com,Female,54.48.164.147
359,Linnie,Carolan,lcarolan9y@blogs.com,Male,180.195.219.114
360,Arlyne,Dryden,adryden9z@seesaa.net,Non-binary,249.247.251.50
361,Cross,Cleaver,ccleavera0@tinyurl.com,Agender,102.96.96.93
362,Clarence,Sallans,csallansa1@geocities.jp,Female,39.81.182.158
363,Berkeley,Fuidge,bfuidgea2@slate.com,Male,101.32.80.105
364,Auroora,Danilchenko,adanilchenkoa3@abc.net.au,Polygender,213.87.143.1
365,Granthem,Griswood,ggriswooda4@google.ca,Non-binary,7.209.243.235
366,Tedie,Winfindale,twinfindalea5@java.com,Polygender,174.136.187.101
367,Carlota,Cornbill,ccornbilla6@linkedin.com,Genderfluid,11.169.10.79
368,Hinze,Markie,hmarkiea7@prnewswire.com,Female,156.125.33.184
369,Shelli,Sockell,ssockella8@theglobeandmail.com,Genderfluid,0.164.102.133
370,Jock,Dinnington,jdinningtona9@tiny.cc,Genderqueer,139.246.129.241
371,Spence,Fullman,sfullmanaa@netlog.com,Non-binary,110.145.85.250
372,Pia,Hedgeman,phedgemanab@guardian.co.uk,Female,220.43.2.221
373,Leonie,Fanshaw,lfanshawac@chronoengine.com,Genderqueer,174.154.233.152
374,Shelagh,McCarrell,smccarrellad@dailymail.co.uk,Non-binary,224.108.175.235
375,Skylar,Murrey,smurreyae@shareasale.com,Polygender,203.180.172.110
376,Al,Houlworth,ahoulworthaf@behance.net,Genderfluid,91.241.139.48
377,Lucio,Rudd,lruddag@apache.org,Genderfluid,120.139.9.168
378,Marta,Ludee,mludeeah@unblog.fr,Male,179.233.135.208
379,Craggy,Blackborow,cblackborowai@scientificamerican.com,Polygender,66.187.15.122
380,Nanon,Penhalewick,npenhalewickaj@creativecommons.org,Genderqueer,126.35.228.173
381,Jud,La Batie,jlabatieak@reference.com,Female,100.23.12.85
382,Evan,Moffett,emoffettal@loc.gov,Male,70.149.158.36
383,Jamal,Downing,jdowningam@prnewswire.com,Genderfluid,180.185.229.168
384,Celestine,Simonetto,csimonettoan@wikispaces.com,Genderqueer,171.68.222.58
385,Kellia,Hounsom,khounsomao@networksolutions.com,Polygender,181.97.6.129
386,Kalil,Cafferty,kcaffertyap@xrea.com,Polygender,249.30.95.19
387,Shaylynn,Krout,skroutaq@skype.com,Female,209.232.44.220
388,Hannis,Cosson,hcossonar@berkeley.edu,Non-binary,165.30.252.113
389,Genevieve,MacDuff,gmacduffas@buzzfeed.com,Bigender,125.142.194.236
390,Bald,Joesbury,bjoesburyat@digg.com,Non-binary,115.149.163.188
391,Amelita,Robbert,arobbertau@canalblog.com,Polygender,59.161.162.246
392,Parrnell,Whale,pwhaleav@umich.edu,Bigender,140.169.43.199
393,Tobi,Kensley,tkensleyaw@freewebs.com,Female,233.21.67.236
394,Benita,Staples,bstaplesax@wordpress.com,Genderqueer,184.66.8.50
395,Kylynn,Fishpoole,kfishpooleay@gnu.org,Female,172.250.227.150
396,Stevy,Heater,sheateraz@infoseek.co.jp,Genderfluid,54.253.247.70
397,Amery,Stanhope,astanhopeb0@cisco.com,Genderqueer,57.195.207.195
398,Aileen,Juares,ajuaresb1@networksolutions.com,Male,60.32.11.248
399,Tynan,Clemenceau,tclemenceaub2@google.ru,Female,164.74.201.64
400,Margarete,Gatherell,mgatherellb3@cdbaby.com,Genderqueer,60.11.231.169
401,Adrianna,Housecraft,ahousecraftb4@t-online.de,Non-binary,66.174.73.207
402,Clyve,Driscoll,cdriscollb5@fema.gov,Genderfluid,107.243.48.21
403,Emmett,Pashan,epashanb6@opera.com,Genderfluid,134.129.229.1
404,Gal,Cervantes,gcervantesb7@so-net.ne.jp,Non-binary,145.147.79.136
405,Kaylee,Goldsbury,kgoldsburyb8@soup.io,Female,179.192.225.33
406,Marchall,Adelsberg,madelsbergb9@example.com,Male,151.158.189.114
407,Alisha,Bumpas,abumpasba@plala.or.jp,Male,105.37.215.79
408,Leonora,Derricoat,lderricoatbb@feedburner.com,Male,5.101.45.74
409,Muffin,Van der Daal,mvanderdaalbc@uiuc.edu,Male,172.247.33.195
410,Nobie,Stickney,nstickneybd@weather.com,Male,170.71.198.14
411,Rois,Lowers,rlowersbe@dropbox.com,Genderfluid,174.232.95.39
412,Charlotta,Davenport,cdavenportbf@msu.edu,Genderfluid,84.39.183.190
413,Dalston,Elce,delcebg@slate.com,Female,128.226.11.167
414,Joaquin,Ropkins,jropkinsbh@npr.org,Female,85.145.168.86
415,Brenn,Lincke,blinckebi@ca.gov,Genderfluid,28.97.153.160
416,Jemmie,Gress,jgressbj@rediff.com,Genderfluid,141.224.122.20
417,Griselda,Alleyn,galleynbk@webnode.com,Genderqueer,152.199.154.131
418,Silva,Hegerty,shegertybl@businessweek.com,Agender,181.84.83.88
419,Torrin,Trodler,ttrodlerbm@yahoo.com,Genderfluid,34.52.254.242
420,Marcelline,Kinnen,mkinnenbn@sun.com,Female,107.70.56.142
421,Elaine,Dugdale,edugdalebo@t-online.de,Male,129.218.10.158
422,Kore,Thebeau,kthebeaubp@sohu.com,Male,102.77.210.66
423,Broderick,McCrainor,bmccrainorbq@icq.com,Genderqueer,117.8.68.159
424,Ara,Slipper,aslipperbr@unesco.org,Genderfluid,252.231.240.236
425,Ilysa,Cush,icushbs@google.ca,Bigender,101.175.121.246
426,Tremaine,Rivelon,trivelonbt@omniture.com,Male,250.125.132.191
427,Nealon,Bathoe,nbathoebu@nationalgeographic.com,Polygender,153.76.222.79
428,Rosette,Kleisle,rkleislebv@taobao.com,Female,42.51.3.65
429,Nadia,Bartot,nbartotbw@oracle.com,Polygender,91.37.195.93
430,Davina,Grabham,dgrabhambx@fastcompany.com,Female,152.232.57.123
431,Stevana,Hamel,shamelby@geocities.jp,Genderfluid,151.119.175.208
432,Alonso,Teggin,ategginbz@dyndns.org,Bigender,108.144.187.79
433,Jsandye,Overton,jovertonc0@oracle.com,Bigender,204.109.47.64
434,Dorree,Keavy,dkeavyc1@nyu.edu,Polygender,218.186.65.163
435,Pennie,Ingles,pinglesc2@adobe.com,Genderqueer,24.117.77.27
436,Clarey,Poe,cpoec3@livejournal.com,Non-binary,163.247.78.245
437,Gustav,Bashford,gbashfordc4@nih.gov,Genderfluid,125.20.51.210
438,Deina,Filintsev,dfilintsevc5@forbes.com,Female,15.145.219.248
439,Noreen,Pascho,npaschoc6@taobao.com,Genderqueer,126.52.174.26
440,Curtice,Thorius,cthoriusc7@amazon.co.uk,Male,201.122.11.226
441,Kelsey,Le Guin,kleguinc8@forbes.com,Genderqueer,22.100.119.182
442,Reggie,Barlass,rbarlassc9@jugem.jp,Genderqueer,21.240.247.28
443,Chelsea,Buncher,cbuncherca@moonfruit.com,Polygender,65.217.123.134
444,Drusie,Curtin,dcurtincb@mysql.com,Male,105.77.38.135
445,Reade,Genge,rgengecc@prnewswire.com,Agender,246.5.135.100
446,Lauralee,Seaborn,lseaborncd@homestead.com,Polygender,125.156.83.205
447,Verile,Winkworth,vwinkworthce@springer.com,Genderqueer,180.52.129.14
448,Patrice,Vallens,pvallenscf@reddit.com,Male,197.90.206.162
449,Marrilee,Effaunt,meffauntcg@qq.com,Male,195.23.39.53
450,Viola,Ding,vdingch@studiopress.com,Non-binary,174.147.216.191
451,Andros,Biskupski,abiskupskici@fotki.com,Bigender,123.200.82.218
452,Auguste,Borgars,aborgarscj@barnesandnoble.com,Polygender,4.211.107.125
453,Amanda,Tow,atowck@unicef.org,Bigender,6.94.243.49
454,Twila,Hardin,thardincl@washingtonpost.com,Genderfluid,83.66.8.146
455,Tammie,Blaza,tblazacm@bluehost.com,Agender,61.105.83.39
456,Noel,Stratley,nstratleycn@de.vu,Polygender,156.30.84.44
457,Darell,MacRonald,dmacronaldco@ftc.gov,Agender,0.54.219.143
458,Dacey,Kiehnlt,dkiehnltcp@mapy.cz,Polygender,40.82.181.169
459,Base,Fassum,bfassumcq@opera.com,Genderqueer,253.151.118.186
460,Claudine,Dulson,cdulsoncr@ebay.co.uk,Genderqueer,229.151.95.53
461,Thedrick,Dymick,tdymickcs@php.net,Male,143.81.252.96
462,Iolande,Lamb,ilambct@prlog.org,Polygender,163.160.17.33
463,Shae,Chevalier,schevaliercu@php.net,Agender,86.84.193.74
464,Editha,Puller,epullercv@printfriendly.com,Male,155.152.167.8
465,Rorie,Pettican,rpetticancw@hhs.gov,Genderfluid,127.160.213.166
466,Ophelie,Habin,ohabincx@earthlink.net,Agender,11.180.255.40
467,Nerty,Klasing,nklasingcy@quantcast.com,Female,29.171.155.226
468,Chen,Jeannon,cjeannoncz@constantcontact.com,Male,209.28.89.218
469,Cullie,Trevor,ctrevord0@earthlink.net,Genderqueer,166.96.34.178
470,Lorrin,Eagan,leagand1@nationalgeographic.com,Genderfluid,128.133.164.12
471,Fawne,Aubert,faubertd2@huffingtonpost.com,Genderfluid,49.151.162.216
472,Pansie,Dovidian,pdovidiand3@dion.ne.jp,Genderfluid,37.65.207.77
473,Kalinda,Boncoeur,kboncoeurd4@bbc.co.uk,Non-binary,134.241.114.215
474,Wain,Petty,wpettyd5@wikimedia.org,Non-binary,131.19.215.241
475,Mathilda,Aldington,maldingtond6@discovery.com,Genderfluid,126.80.24.36
476,Louise,Cawthry,lcawthryd7@elegantthemes.com,Bigender,213.16.198.216
477,Lydie,Bellchamber,lbellchamberd8@oakley.com,Genderfluid,174.146.113.44
478,Loretta,Mallon,lmallond9@fema.gov,Agender,35.160.152.212
479,Worthington,Smythin,wsmythinda@tripadvisor.com,Agender,23.162.127.77
480,Camilla,Breward,cbrewarddb@tinypic.com,Polygender,172.140.12.46
481,Vonni,Biggins,vbigginsdc@twitter.com,Genderqueer,178.32.153.253
482,Cordelie,Petrolli,cpetrollidd@blogspot.com,Genderqueer,67.42.86.201
483,Crista,Pratte,cprattede@independent.co.uk,Polygender,107.17.249.111
484,Annemarie,Moir,amoirdf@census.gov,Agender,247.57.243.179
485,Torrin,Uman,tumandg@ning.com,Polygender,22.201.211.215
486,Lou,Prop,lpropdh@wiley.com,Genderfluid,117.145.81.38
487,Mommy,Badder,mbadderdi@tinyurl.com,Genderqueer,233.119.145.173
488,Janaye,Bentham,jbenthamdj@youtu.be,Non-binary,82.134.163.6
489,Trixi,Ionnisian,tionnisiandk@independent.co.uk,Polygender,52.134.118.198
490,Andrey,Fildes,afildesdl@home.pl,Genderfluid,108.62.193.101
491,Kathlin,Cardinale,kcardinaledm@washington.edu,Genderqueer,246.47.96.30
492,Myrilla,Barthod,mbarthoddn@usda.gov,Male,127.114.84.127
493,Leyla,Houltham,lhoulthamdo@netvibes.com,Agender,225.108.162.21
494,Elva,Longley,elongleydp@rediff.com,Agender,250.217.145.20
495,Derrik,Mcsarry,dmcsarrydq@zimbio.com,Agender,234.11.54.198
496,Morie,Galsworthy,mgalsworthydr@geocities.com,Genderfluid,54.178.23.134
497,Meg,Taillant,mtaillantds@weebly.com,Genderqueer,244.60.200.160
498,Cassandra,Garroch,cgarrochdt@printfriendly.com,Female,53.97.225.194
499,Kirstin,Frontczak,kfrontczakdu@soup.io,Agender,41.23.107.83
500,Ellynn,Bonome,ebonomedv@soundcloud.com,Genderfluid,105.95.5.188
501,Raff,Immer,rimmerdw@networksolutions.com,Agender,52.121.31.233
502,Claudie,Dorot,cdorotdx@parallels.com,Genderfluid,84.223.61.31
503,Iggie,Coltart,icoltartdy@dot.gov,Bigender,176.190.131.49
504,Arleen,Leatherborrow,aleatherborrowdz@who.int,Genderfluid,43.161.24.183
505,Dolorita,Gellett,dgellette0@go.com,Agender,7.254.157.43
506,Alexei,Keeney,akeeneye1@army.mil,Genderfluid,61.79.195.70
507,Laney,Peret,lperete2@va.gov,Agender,203.230.82.154
508,Hedwiga,Bortoletti,hbortolettie3@stanford.edu,Polygender,4.224.69.251
509,Dante,Loomis,dloomise4@eepurl.com,Genderfluid,206.143.177.208
510,Viola,McNulty,vmcnultye5@elpais.com,Female,222.28.249.27
511,Morris,Castelin,mcasteline6@biblegateway.com,Genderqueer,173.156.27.205
512,Therine,Caron,tcarone7@whitehouse.gov,Bigender,166.25.169.206
513,Josi,Gerardin,jgerardine8@businessweek.com,Male,214.142.142.6
514,Flori,Gisburne,fgisburnee9@chicagotribune.com,Bigender,18.222.142.162
515,Chrystal,Kiggel,ckiggelea@macromedia.com,Genderqueer,19.81.15.13
516,Lillis,Dufore,lduforeeb@army.mil,Male,74.29.30.24
517,Rita,Grimsdith,rgrimsdithec@altervista.org,Polygender,172.9.35.164
518,Sigrid,Richemond,srichemonded@hc360.com,Non-binary,58.202.219.7
519,Timmie,Farington,tfaringtonee@live.com,Genderqueer,55.153.102.207
520,Clemmy,Guillford,cguillfordef@java.com,Non-binary,164.242.163.99
521,Juliette,Teggart,jteggarteg@moonfruit.com,Bigender,51.46.21.235
522,Britt,Balaam,bbalaameh@alexa.com,Non-binary,56.98.30.135
523,Elsi,Bravington,ebravingtonei@a8.net,Non-binary,114.172.209.10
524,Cornelia,Janjusevic,cjanjusevicej@gmpg.org,Agender,196.115.106.61
525,Augustine,Giraths,agirathsek@msu.edu,Genderfluid,129.137.42.14
526,Kip,Chatters,kchattersel@1und1.de,Female,171.59.139.231
527,Kimbra,Rollings,krollingsem@senate.gov,Genderfluid,203.42.229.57
528,Matilde,Siggin,msigginen@intel.com,Male,209.119.32.222
529,Debra,Brookes,dbrookeseo@shutterfly.com,Genderfluid,90.149.12.161
530,Chen,Teager,cteagerep@mac.com,Polygender,243.39.233.57
531,Nikoletta,Boow,nbooweq@networksolutions.com,Agender,69.154.199.192
532,Shane,Charrington,scharringtoner@seattletimes.com,Polygender,193.105.83.56
533,Pippa,Spaxman,pspaxmanes@hatena.ne.jp,Agender,75.254.79.209
534,Gawen,Flatt,gflattet@ezinearticles.com,Bigender,229.105.205.83
535,Cornelle,Naerup,cnaerupeu@studiopress.com,Polygender,147.200.183.16
536,Corie,Pryor,cpryorev@ebay.co.uk,Polygender,239.19.17.156
537,Myranda,Mistry,mmistryew@fastcompany.com,Polygender,134.99.136.155
538,Isobel,Raggett,iraggettex@nba.com,Non-binary,209.23.28.35
539,Marty,Rouchy,mrouchyey@behance.net,Genderqueer,169.112.122.137
540,Sheelah,Hawsby,shawsbyez@woothemes.com,Male,20.210.168.2
541,Thomasin,Ruilton,truiltonf0@deviantart.com,Non-binary,57.24.46.74
542,Tomaso,Sime,tsimef1@technorati.com,Polygender,2.95.241.173
543,Panchito,Longfut,plongfutf2@chron.com,Polygender,225.115.19.53
544,Nanine,Langshaw,nlangshawf3@mit.edu,Male,48.74.98.164
545,Verene,Dollin,vdollinf4@yellowpages.com,Genderfluid,18.45.89.182
546,Garland,Wythill,gwythillf5@senate.gov,Male,213.195.223.184
547,Elliot,Verman,evermanf6@biblegateway.com,Non-binary,68.85.111.169
548,Fredia,Grzelczyk,fgrzelczykf7@craigslist.org,Agender,180.20.171.163
549,Cinda,Hadenton,chadentonf8@time.com,Genderfluid,54.92.65.49
550,Max,Townby,mtownbyf9@admin.ch,Polygender,122.27.178.35
551,Darla,Carnalan,dcarnalanfa@pbs.org,Polygender,54.229.133.180
552,Vilma,Roskrug,vroskrugfb@statcounter.com,Non-binary,66.165.126.32
553,Brina,Bullivent,bbulliventfc@csmonitor.com,Genderfluid,247.108.106.77
554,Hogan,Trahearn,htrahearnfd@tripod.com,Bigender,206.233.5.48
555,Fancie,Maddinon,fmaddinonfe@fc2.com,Bigender,170.123.58.20
556,Ranice,Portwain,rportwainff@irs.gov,Bigender,78.71.68.47
557,Odell,Duplan,oduplanfg@dropbox.com,Agender,88.21.14.34
558,Riane,Hechlin,rhechlinfh@mac.com,Polygender,190.93.166.181
559,Davie,Balogun,dbalogunfi@apple.com,Bigender,138.75.46.32
560,Hussein,Ringer,hringerfj@howstuffworks.com,Bigender,198.106.173.150
561,Huey,Lots,hlotsfk@cafepress.com,Genderfluid,52.191.106.232
562,Minetta,Nice,mnicefl@stanford.edu,Genderfluid,28.68.146.215
563,Jocelyne,State,jstatefm@sciencedaily.com,Genderfluid,65.19.32.218
564,Shane,Claisse,sclaissefn@taobao.com,Polygender,29.162.116.160
565,Idell,Birchenough,ibirchenoughfo@google.ca,Polygender,65.82.127.152
566,Adele,Ricold,aricoldfp@walmart.com,Bigender,140.140.180.71
567,Donetta,Blundell,dblundellfq@cpanel.net,Male,195.40.97.247
568,Ike,Collough,icolloughfr@phpbb.com,Polygender,171.159.61.195
569,Cordey,Pellett,cpellettfs@umn.edu,Polygender,28.98.96.68
570,Cirstoforo,Bakesef,cbakesefft@huffingtonpost.com,Male,6.111.57.11
571,Jacques,Behrendsen,jbehrendsenfu@cloudflare.com,Agender,240.10.160.112
572,Corbett,Whittingham,cwhittinghamfv@list-manage.com,Bigender,198.34.10.194
573,Brook,Dobbson,bdobbsonfw@twitpic.com,Agender,208.34.101.252
574,Darya,Czadla,dczadlafx@auda.org.au,Male,100.84.163.18
575,Georg,Beddo,gbeddofy@jimdo.com,Female,4.171.144.133
576,Earle,Woodhouse,ewoodhousefz@japanpost.jp,Genderfluid,240.190.18.116
577,Jandy,Frankum,jfrankumg0@dedecms.com,Bigender,155.44.89.140
578,Robbi,Le land,rlelandg1@behance.net,Non-binary,136.196.16.249
579,Ryan,Felton,rfeltong2@e-recht24.de,Male,48.178.80.254
580,Melody,Gyves,mgyvesg3@scientificamerican.com,Agender,74.26.151.238
581,Andris,Verson,aversong4@mediafire.com,Genderfluid,228.7.77.192
582,Karon,Uttley,kuttleyg5@wunderground.com,Male,110.127.201.48
583,Avivah,Flindall,aflindallg6@cornell.edu,Male,65.219.79.115
584,Gerard,Rowbury,growburyg7@un.org,Male,33.15.206.223
585,Hercules,Corington,hcoringtong8@marriott.com,Genderfluid,19.114.6.106
586,Wallas,Derx,wderxg9@scientificamerican.com,Polygender,9.114.148.194
587,Shannah,Galbreth,sgalbrethga@pinterest.com,Non-binary,127.132.208.213
588,Kari,Golly,kgollygb@nba.com,Genderfluid,21.223.203.2
589,Gifford,Vanin,gvaningc@huffingtonpost.com,Genderqueer,14.181.176.226
590,Jsandye,Presley,jpresleygd@canalblog.com,Polygender,24.39.147.91
591,Marita,Pinches,mpinchesge@wordpress.org,Genderfluid,246.136.76.10
592,Tobe,Styan,tstyangf@yellowbook.com,Male,96.225.177.197
593,Matt,Buntine,mbuntinegg@unesco.org,Polygender,190.36.2.177
594,Riordan,Boodell,rboodellgh@de.vu,Genderqueer,156.12.125.79
595,Bunni,Billiard,bbilliardgi@qq.com,Polygender,34.177.178.41
596,Odetta,Aguirrezabal,oaguirrezabalgj@yellowbook.com,Agender,165.104.163.73
597,Emmey,Hoofe,ehoofegk@blogs.com,Polygender,155.140.238.170
598,Tonye,Seden,tsedengl@aol.com,Agender,155.246.24.14
599,Rolland,Guiducci,rguiduccigm@webeden.co.uk,Agender,192.251.235.243
600,Cristin,Boshard,cboshardgn@flavors.me,Genderfluid,137.206.179.207
601,Orv,Flight,oflightgo@liveinternet.ru,Genderqueer,60.36.100.214
602,Virgilio,Harbottle,vharbottlegp@ted.com,Bigender,179.24.105.169
603,Sheryl,Ballinger,sballingergq@washington.edu,Genderfluid,110.70.250.166
604,Iosep,Warricker,iwarrickergr@odnoklassniki.ru,Genderfluid,200.23.204.191
605,Shaylah,Antoszczyk,santoszczykgs@github.com,Agender,44.159.132.246
606,Ravid,Habble,rhabblegt@yahoo.co.jp,Genderqueer,250.250.67.50
607,Nollie,Horley,nhorleygu@privacy.gov.au,Male,52.107.179.113
608,Karolina,Tutchener,ktutchenergv@flickr.com,Non-binary,160.239.203.170
609,Phillipp,Hannan,phannangw@google.com,Non-binary,186.173.233.86
610,Alanson,Heinish,aheinishgx@jimdo.com,Agender,148.194.172.215
611,Lilia,Kimmitt,lkimmittgy@mysql.com,Genderfluid,239.239.69.162
612,Jammie,Cowdry,jcowdrygz@hubpages.com,Polygender,180.46.215.149
613,Isa,Trimble,itrimbleh0@topsy.com,Female,101.61.26.24
614,Ned,Penniell,npenniellh1@miitbeian.gov.cn,Male,134.160.246.61
615,Blondie,Bussons,bbussonsh2@de.vu,Genderqueer,19.45.220.24
616,Geri,McVitty,gmcvittyh3@acquirethisname.com,Agender,212.176.166.210
617,Quintus,Nelthorp,qnelthorph4@discovery.com,Male,145.23.41.116
618,Emmie,Harsant,eharsanth5@delicious.com,Non-binary,112.52.127.245
619,Haley,Budnik,hbudnikh6@hostgator.com,Genderqueer,16.128.0.211
620,Anselm,Brunsen,abrunsenh7@tinypic.com,Non-binary,74.46.136.9
621,Olivier,Orta,oortah8@deliciousdays.com,Non-binary,28.43.125.175
622,Teresita,Haslum,thaslumh9@sbwire.com,Agender,213.8.126.196
623,Wiley,Astbury,wastburyha@51.la,Genderqueer,131.148.174.230
624,Chandra,Durward,cdurwardhb@gravatar.com,Genderfluid,145.165.191.167
625,Rhianon,Killock,rkillockhc@engadget.com,Non-binary,141.65.115.27
626,Amara,Sea,aseahd@godaddy.com,Genderqueer,88.174.228.195
627,Towney,Hawson,thawsonhe@hatena.ne.jp,Female,231.67.172.88
628,Bondy,Ollin,bollinhf@ed.gov,Agender,149.204.157.19
629,Lukas,Burde,lburdehg@cargocollective.com,Male,223.157.189.102
630,Kahaleel,Barkhouse,kbarkhousehh@cocolog-nifty.com,Non-binary,123.41.181.148
631,Berkie,Goodspeed,bgoodspeedhi@tiny.cc,Non-binary,109.235.202.123
632,Emalia,Tinan,etinanhj@gizmodo.com,Bigender,223.153.178.172
633,Jacquenette,Cassam,jcassamhk@constantcontact.com,Bigender,249.102.127.24
634,Maurice,Yakobowitz,myakobowitzhl@stanford.edu,Female,46.254.12.207
635,Flemming,Voyce,fvoycehm@naver.com,Female,73.139.138.79
636,Humfried,Freebury,hfreeburyhn@phpbb.com,Male,147.106.11.106
637,Rosalie,Bragge,rbraggeho@zdnet.com,Male,191.80.4.210
638,Gigi,Lisett,glisetthp@jalbum.net,Agender,121.237.208.133
639,Raynell,Liddiard,rliddiardhq@japanpost.jp,Non-binary,108.76.230.68
640,Cherice,Felkin,cfelkinhr@intel.com,Male,224.162.247.147
641,Eamon,Tedstone,etedstonehs@prweb.com,Female,252.119.230.126
642,Laure,Mapstone,lmapstoneht@mediafire.com,Female,204.166.144.210
643,Levey,Shee,lsheehu@reverbnation.com,Non-binary,79.173.62.69
644,Sophi,Rigler,sriglerhv@cisco.com,Male,159.247.199.103
645,Piper,Siege,psiegehw@ustream.tv,Non-binary,212.155.12.31
646,Torie,Vigors,tvigorshx@wikimedia.org,Agender,254.142.194.70
647,Hewe,Maloney,hmaloneyhy@angelfire.com,Male,0.248.202.175
648,Alexandr,Dearle,adearlehz@slideshare.net,Polygender,86.198.105.218
649,Gerardo,Clace,gclacei0@mysql.com,Non-binary,44.11.161.62
650,Drusie,Topham,dtophami1@examiner.com,Non-binary,27.111.223.11
651,Xaviera,Piel,xpieli2@baidu.com,Agender,58.40.119.164
652,Sanford,Onians,soniansi3@blogspot.com,Non-binary,44.57.11.254
653,Ferdy,Foster-Smith,ffostersmithi4@google.com.au,Female,107.238.92.129
654,Rusty,Venton,rventoni5@dmoz.org,Polygender,1.170.134.37
655,Julie,Kerins,jkerinsi6@hubpages.com,Non-binary,55.130.189.63
656,Ashli,Dumbarton,adumbartoni7@sogou.com,Agender,142.64.89.237
657,Garrick,Hallen,ghalleni8@mit.edu,Bigender,190.189.46.134
658,Jose,Carrington,jcarringtoni9@nytimes.com,Genderqueer,119.188.115.206
659,Fred,Carette,fcaretteia@shop-pro.jp,Non-binary,64.209.240.141
660,Ulla,Nuemann,unuemannib@sina.com.cn,Genderqueer,61.96.48.16
661,Georgette,Bulfoot,gbulfootic@tripadvisor.com,Bigender,66.247.248.215
662,Millisent,Bluschke,mbluschkeid@disqus.com,Bigender,132.93.42.192
663,Brenna,Lasty,blastyie@rambler.ru,Non-binary,158.102.26.235
664,Cloris,Rosenvasser,crosenvasserif@slate.com,Genderfluid,154.230.74.155
665,Orazio,Bomfield,obomfieldig@sogou.com,Bigender,109.94.67.121
666,Sadye,Peddar,speddarih@is.gd,Polygender,48.80.223.162
667,Neil,Ryle,nryleii@indiatimes.com,Male,24.78.186.213
668,Katey,Grob,kgrobij@symantec.com,Non-binary,31.209.19.175
669,Goober,Brambley,gbrambleyik@tmall.com,Female,154.53.209.122
670,Brynn,Tidswell,btidswellil@ning.com,Non-binary,112.182.246.170
671,Jordain,Vaughton,jvaughtonim@state.tx.us,Agender,196.42.228.94
672,Susette,Joly,sjolyin@phpbb.com,Male,118.24.228.230
673,Perri,Kinig,pkinigio@tiny.cc,Non-binary,9.152.232.216
674,Lucian,Fuster,lfusterip@nbcnews.com,Genderfluid,223.63.191.196
675,Rodi,Powelee,rpoweleeiq@ezinearticles.com,Polygender,132.150.219.109
676,Inger,Pennetta,ipennettair@ifeng.com,Polygender,46.105.211.187
677,Nicolais,Thay,nthayis@about.com,Genderfluid,45.201.146.48
678,Brewster,Bish,bbishit@marriott.com,Female,255.19.221.110
679,Adora,Stife,astifeiu@telegraph.co.uk,Male,132.197.145.157
680,Allistir,Santello,asantelloiv@wikispaces.com,Genderqueer,132.48.40.222
681,Madella,Seymour,mseymouriw@jiathis.com,Polygender,172.218.42.112
682,Billy,Suche,bsucheix@purevolume.com,Genderqueer,39.97.238.118
683,Twila,Leyes,tleyesiy@is.gd,Genderfluid,67.41.204.126
684,Yancy,Mellenby,ymellenbyiz@wsj.com,Agender,195.65.219.47
685,Axe,Arnecke,aarneckej0@aboutads.info,Genderqueer,151.46.145.26
686,Belva,Backshell,bbackshellj1@csmonitor.com,Genderqueer,120.36.154.176
687,Lyndsey,Harbinson,lharbinsonj2@hexun.com,Genderqueer,216.255.230.165
688,Tallie,Funcheon,tfuncheonj3@reverbnation.com,Genderqueer,206.136.121.194
689,Kaleb,Lightwing,klightwingj4@tiny.cc,Male,187.100.163.96
690,Cory,Allicock,callicockj5@tamu.edu,Male,74.140.4.236
691,Haily,Sewart,hsewartj6@theguardian.com,Polygender,70.28.12.224
692,Iago,Priestland,ipriestlandj7@loc.gov,Female,238.249.11.157
693,Salmon,Petrazzi,spetrazzij8@vk.com,Male,227.202.4.38
694,Meyer,Fullerton,mfullertonj9@homestead.com,Non-binary,33.206.222.226
695,Pris,Simion,psimionja@mediafire.com,Genderqueer,120.239.77.128
696,Leontyne,Orrin,lorrinjb@bloglovin.com,Genderqueer,227.205.235.182
697,Laurice,Le Borgne,lleborgnejc@shop-pro.jp,Genderfluid,207.82.246.217
698,Paulo,Van der Hoven,pvanderhovenjd@sciencedirect.com,Female,35.187.201.32
699,Georgena,Screaton,gscreatonje@blinklist.com,Polygender,185.94.97.43
700,Bat,Farrance,bfarrancejf@cocolog-nifty.com,Female,118.234.6.137
701,Gayla,Dalgarno,gdalgarnojg@deliciousdays.com,Male,34.77.115.162
702,Galvan,Hirjak,ghirjakjh@intel.com,Male,47.194.50.124
703,Karoly,Stansall,kstansallji@mapquest.com,Genderfluid,235.153.150.89
704,Zarah,Muncer,zmuncerjj@examiner.com,Polygender,117.253.132.7
705,Siusan,Belfelt,sbelfeltjk@indiegogo.com,Male,228.27.108.14
706,Bria,Girone,bgironejl@slideshare.net,Bigender,154.210.192.69
707,Leyla,Shurmore,lshurmorejm@nih.gov,Female,210.159.200.188
708,Lotti,McWilliams,lmcwilliamsjn@nifty.com,Bigender,229.128.241.7
709,Marshal,Baynam,mbaynamjo@ask.com,Agender,239.245.215.36
710,Faustina,Redwood,fredwoodjp@trellian.com,Polygender,37.84.24.222
711,Lindon,Plomer,lplomerjq@ted.com,Genderfluid,5.165.227.178
712,Auria,Devaney,adevaneyjr@usa.gov,Agender,144.159.202.77
713,Fred,Bletcher,fbletcherjs@deviantart.com,Agender,67.8.50.151
714,Tommie,Dicker,tdickerjt@ihg.com,Female,102.50.98.146
715,Carlota,Boddice,cboddiceju@theguardian.com,Bigender,74.159.63.39
716,Renata,Cearley,rcearleyjv@ucla.edu,Polygender,82.88.95.63
717,Candis,Peche,cpechejw@netvibes.com,Bigender,109.64.108.172
718,Rhoda,Shelton,rsheltonjx@reverbnation.com,Bigender,201.52.66.182
719,Baldwin,Rutigliano,brutiglianojy@ezinearticles.com,Bigender,23.169.61.152
720,Sabine,Kiddie,skiddiejz@rakuten.co.jp,Genderfluid,47.47.119.235
721,Valida,Greeveson,vgreevesonk0@hexun.com,Male,81.138.85.148
722,Rozanne,Ayshford,rayshfordk1@bloglovin.com,Agender,179.86.156.149
723,Clerkclaude,Mark,cmarkk2@360.cn,Non-binary,172.213.191.225
724,Dillon,Wolfart,dwolfartk3@usgs.gov,Non-binary,10.73.128.119
725,Madelina,Lathe,mlathek4@bbb.org,Agender,252.35.203.156
726,Nelia,Britton,nbrittonk5@ucoz.ru,Non-binary,247.203.123.69
727,Leon,Meader,lmeaderk6@cafepress.com,Female,101.166.62.187
728,Sally,Ivanilov,sivanilovk7@utexas.edu,Female,0.99.109.148
729,Inger,Mantz,imantzk8@qq.com,Male,254.234.36.197
730,Barnabas,Hadwen,bhadwenk9@disqus.com,Genderqueer,173.78.171.63
731,Breanne,Steen,bsteenka@infoseek.co.jp,Non-binary,206.36.79.246
732,Annette,Vynarde,avynardekb@scientificamerican.com,Genderqueer,58.250.20.13
733,Mikel,Shorthill,mshorthillkc@mlb.com,Genderfluid,102.56.216.6
734,Germaine,Ranahan,granahankd@cargocollective.com,Polygender,174.31.149.56
735,Torin,Galfour,tgalfourke@latimes.com,Male,145.67.202.251
736,Misha,McCamish,mmccamishkf@storify.com,Male,170.30.119.55
737,Filmore,Overy,foverykg@ft.com,Agender,220.128.159.26
738,Deerdre,Denis,ddeniskh@linkedin.com,Polygender,222.192.101.129
739,Fanchette,Pow,fpowki@ameblo.jp,Non-binary,37.41.110.123
740,Maud,Probat,mprobatkj@github.com,Male,77.148.157.244
741,Hermon,Kivlin,hkivlinkk@google.it,Agender,33.237.13.230
742,Stefanie,Poile,spoilekl@webeden.co.uk,Male,149.116.49.49
743,Troy,Weinham,tweinhamkm@nba.com,Polygender,174.254.162.54
744,Quinton,Blakiston,qblakistonkn@sun.com,Agender,99.119.249.153
745,Eula,Kuhnhardt,ekuhnhardtko@opera.com,Genderqueer,148.46.202.176
746,Jamison,Mocher,jmocherkp@gravatar.com,Polygender,162.137.198.91
747,Noll,Ford,nfordkq@ibm.com,Polygender,161.95.193.163
748,Gerda,Antwis,gantwiskr@house.gov,Male,108.211.253.128
749,Lethia,Loakes,lloakesks@blogger.com,Male,208.200.100.203
750,Patrick,Nyland,pnylandkt@stumbleupon.com,Female,75.29.185.154
751,Gabbie,Treske,gtreskeku@imageshack.us,Polygender,161.172.116.11
752,Nicholas,Maun,nmaunkv@webnode.com,Genderqueer,134.241.155.7
753,Fernande,Base,fbasekw@nih.gov,Bigender,69.163.42.199
754,Harmony,Crummy,hcrummykx@behance.net,Non-binary,169.162.168.73
755,Sashenka,Grantham,sgranthamky@naver.com,Non-binary,125.25.2.84
756,Kamillah,Fortie,kfortiekz@artisteer.com,Genderfluid,116.198.99.49
757,Marissa,Hinckesman,mhinckesmanl0@ocn.ne.jp,Agender,237.138.194.62
758,Nels,Babalola,nbabalolal1@shinystat.com,Male,153.200.28.143
759,Nerty,Kerslake,nkerslakel2@bing.com,Non-binary,29.178.220.226
760,Cathryn,Laugherane,claugheranel3@wix.com,Genderfluid,82.11.151.242
761,Jasmin,Walton,jwaltonl4@reddit.com,Male,34.28.208.177
762,Magdaia,Defont,mdefontl5@blogs.com,Female,82.98.48.39
763,Cristal,Groucutt,cgroucuttl6@biglobe.ne.jp,Agender,40.119.5.148
764,Ilise,MacCard,imaccardl7@home.pl,Polygender,175.241.181.87
765,Tim,Horry,thorryl8@chronoengine.com,Agender,92.167.182.8
766,Renate,Croxton,rcroxtonl9@lulu.com,Agender,35.166.0.185
767,Osmund,Garforth,ogarforthla@soundcloud.com,Polygender,56.33.9.63
768,Evangeline,Custed,ecustedlb@weibo.com,Male,12.229.138.110
769,Lutero,O'Kielt,lokieltlc@ucoz.com,Genderqueer,174.63.116.103
770,Claude,Acedo,cacedold@parallels.com,Female,200.119.85.174
771,Etta,Woodstock,ewoodstockle@usnews.com,Male,238.31.240.164
772,Adela,Armour,aarmourlf@webs.com,Polygender,43.233.6.196
773,Carroll,Caroll,ccarolllg@a8.net,Non-binary,125.166.127.0
774,Carce,Sandall,csandalllh@telegraph.co.uk,Female,109.255.185.110
775,Gradeigh,Frounks,gfrounksli@myspace.com,Genderfluid,63.100.98.6
776,Hardy,Hadwick,hhadwicklj@gov.uk,Genderqueer,24.155.164.191
777,Carleton,Frigot,cfrigotlk@yellowbook.com,Non-binary,102.206.159.78
778,Moreen,Burlingham,mburlinghamll@independent.co.uk,Polygender,78.146.182.61
779,Mickie,Peto,mpetolm@chronoengine.com,Bigender,171.96.98.31
780,Valentine,Salvadore,vsalvadoreln@earthlink.net,Genderfluid,153.80.50.20
781,Wynny,Hatfull,whatfulllo@sourceforge.net,Female,152.66.103.251
782,Jud,Goady,jgoadylp@answers.com,Genderqueer,77.178.226.52
783,Lenette,Traite,ltraitelq@jalbum.net,Polygender,96.198.176.196
784,Claude,Spinola,cspinolalr@adobe.com,Male,86.174.54.242
785,Anestassia,De Lascy,adelascyls@blog.com,Polygender,10.162.144.149
786,Letta,Donwell,ldonwelllt@weibo.com,Bigender,14.38.183.144
787,Michelina,Rodders,mrodderslu@amazonaws.com,Non-binary,223.148.4.92
788,Willabella,Rouchy,wrouchylv@jugem.jp,Polygender,183.32.133.8
789,Eran,Baugh,ebaughlw@admin.ch,Polygender,142.80.103.103
790,Brewster,Poulden,bpouldenlx@businessinsider.com,Non-binary,108.227.175.131
791,Auroora,Hendrikse,ahendriksely@histats.com,Agender,123.103.147.84
792,Cord,Tuftin,ctuftinlz@oaic.gov.au,Agender,164.210.15.226
793,Cointon,Dmitrichenko,cdmitrichenkom0@tmall.com,Non-binary,45.47.126.142
794,Ced,Le Fevre,clefevrem1@apple.com,Male,125.190.245.15
795,Cyb,McGeorge,cmcgeorgem2@prlog.org,Genderfluid,164.157.152.145
796,Husain,Quilliam,hquilliamm3@hexun.com,Bigender,121.108.243.221
797,Scarlett,Duckwith,sduckwithm4@businessweek.com,Bigender,206.20.55.124
798,Izzy,Ledrane,iledranem5@meetup.com,Agender,112.84.20.173
799,Maureene,Keller,mkellerm6@archive.org,Genderfluid,253.133.218.235
800,Brnaby,Corain,bcorainm7@cdc.gov,Genderfluid,98.107.58.193
801,Ambrosio,Pimbley,apimbleym8@surveymonkey.com,Female,64.23.48.65
802,Evanne,Zorzin,ezorzinm9@ibm.com,Polygender,162.31.128.71
803,Ronni,Wansbury,rwansburyma@qq.com,Non-binary,48.245.25.255
804,Ronda,Moxsom,rmoxsommb@timesonline.co.uk,Genderqueer,134.84.183.7
805,Bendite,Barthorpe,bbarthorpemc@eventbrite.com,Genderfluid,142.101.81.160
806,Corny,Measures,cmeasuresmd@pagesperso-orange.fr,Bigender,207.86.137.57
807,Sashenka,Dethloff,sdethloffme@hc360.com,Genderqueer,11.199.211.51
808,Perren,Aukland,pauklandmf@ycombinator.com,Genderqueer,3.121.85.5
809,Reine,Easom,reasommg@acquirethisname.com,Male,187.134.160.39
810,Axe,Costy,acostymh@constantcontact.com,Genderfluid,53.211.146.133
811,Angelico,Billion,abillionmi@earthlink.net,Genderqueer,151.195.2.129
812,Devlin,MacAleese,dmacaleesemj@admin.ch,Male,194.72.84.153
813,Patricio,Compton,pcomptonmk@newsvine.com,Genderqueer,93.16.176.217
814,Fara,Pride,fprideml@qq.com,Genderfluid,123.67.175.46
815,Afton,Wilbor,awilbormm@surveymonkey.com,Genderfluid,35.12.202.240
816,Sheela,Gambell,sgambellmn@google.com.au,Bigender,53.30.12.109
817,Rhodia,Loghan,rloghanmo@flickr.com,Bigender,188.250.5.110
818,Doretta,Bundy,dbundymp@fastcompany.com,Bigender,182.56.153.120
819,Rafaela,Slowcock,rslowcockmq@google.pl,Bigender,81.165.179.92
820,Meade,Barles,mbarlesmr@accuweather.com,Female,85.32.29.176
821,Bowie,MacGown,bmacgownms@printfriendly.com,Bigender,173.119.216.177
822,Ellis,De Zamudio,edezamudiomt@live.com,Genderqueer,103.97.162.13
823,Pavia,Thackham,pthackhammu@europa.eu,Genderqueer,195.149.146.88
824,Lance,Harston,lharstonmv@biblegateway.com,Female,72.107.20.77
825,Inga,Ygoe,iygoemw@bravesites.com,Non-binary,24.54.216.61
826,Klara,O'Feeney,kofeeneymx@etsy.com,Non-binary,14.246.211.55
827,Beitris,Huard,bhuardmy@infoseek.co.jp,Genderfluid,88.78.91.210
828,Davin,Negus,dnegusmz@yahoo.co.jp,Genderqueer,37.113.221.243
829,Nealy,Derisley,nderisleyn0@seattletimes.com,Polygender,82.210.169.239
830,Washington,Tansley,wtansleyn1@discovery.com,Polygender,40.53.127.212
831,Olivia,Leif,oleifn2@nytimes.com,Genderfluid,56.106.112.73
832,Beverie,Neill,bneilln3@imdb.com,Genderqueer,171.2.152.80
833,Teddi,Gabby,tgabbyn4@g.co,Female,224.40.94.206
834,Alanna,Prati,apratin5@booking.com,Genderqueer,188.194.91.183
835,Troy,Heiner,theinern6@altervista.org,Agender,131.179.127.185
836,Quinlan,Koopman,qkoopmann7@chronoengine.com,Agender,10.39.47.28
837,Shantee,Tisor,stisorn8@barnesandnoble.com,Agender,194.136.0.93
838,Eldin,Fayers,efayersn9@ca.gov,Male,76.28.0.116
839,Wesley,Menezes,wmenezesna@abc.net.au,Genderfluid,24.24.46.248
840,Velma,Newens,vnewensnb@barnesandnoble.com,Male,151.155.46.21
841,Pincus,Rymour,prymournc@alexa.com,Genderqueer,147.249.249.196
842,Alyss,Altham,aalthamnd@senate.gov,Genderqueer,13.3.62.162
843,Raphaela,McHale,rmchalene@over-blog.com,Genderqueer,212.72.218.229
844,Ruttger,Fish,rfishnf@ovh.net,Genderfluid,161.242.68.26
845,Dore,Leacy,dleacyng@netscape.com,Polygender,170.180.125.234
846,Isador,Rapaport,irapaportnh@squidoo.com,Genderqueer,14.36.9.64
847,Nanci,Reedshaw,nreedshawni@adobe.com,Male,128.214.90.193
848,Bobbe,Trenbay,btrenbaynj@opera.com,Bigender,28.47.165.213
849,Alfy,Myhill,amyhillnk@barnesandnoble.com,Female,219.125.219.121
850,Leta,Dauney,ldauneynl@ezinearticles.com,Male,66.64.155.104
851,Terrell,Gundry,tgundrynm@livejournal.com,Genderfluid,87.204.241.92
852,Armando,Beckwith,abeckwithnn@princeton.edu,Agender,143.139.159.246
853,Christian,Schild,cschildno@nih.gov,Genderfluid,35.181.106.48
854,Gothart,Penni,gpenninp@dropbox.com,Genderfluid,246.43.11.243
855,Noell,Quiney,nquineynq@github.com,Female,180.243.169.222
856,Wakefield,Valero,wvaleronr@microsoft.com,Non-binary,202.195.226.58
857,Curtis,Lucchi,clucchins@dmoz.org,Agender,87.102.117.62
858,Erick,Pettegre,epettegrent@google.ru,Polygender,24.190.121.195
859,Joela,Minihan,jminihannu@disqus.com,Bigender,157.94.65.233
860,Edik,Shearman,eshearmannv@archive.org,Genderfluid,123.114.239.30
861,Philis,Keenan,pkeenannw@etsy.com,Agender,201.236.66.206
862,Brenna,Morphew,bmorphewnx@rediff.com,Male,68.177.206.207
863,Nara,Horbath,nhorbathny@goo.ne.jp,Genderqueer,103.148.123.201
864,Torrie,Skayman,tskaymannz@ehow.com,Genderfluid,130.230.223.142
865,Cathrin,Halsho,chalshoo0@storify.com,Genderqueer,48.48.26.13
866,Meris,Reville,mrevilleo1@slashdot.org,Polygender,69.96.107.150
867,Claude,Brager,cbragero2@microsoft.com,Bigender,83.65.12.144
868,Norina,Filler,nfillero3@printfriendly.com,Bigender,121.158.60.148
869,Rosemary,Benzie,rbenzieo4@uiuc.edu,Female,193.192.121.56
870,Wynn,Ghidoli,wghidolio5@acquirethisname.com,Genderqueer,193.116.58.39
871,Wilek,Polak,wpolako6@woothemes.com,Polygender,228.7.135.66
872,Laney,Rodliff,lrodliffo7@upenn.edu,Bigender,0.85.139.38
873,Darrelle,Mair,dmairo8@cnbc.com,Genderqueer,12.152.13.95
874,Newton,Heiner,nheinero9@ftc.gov,Polygender,3.84.157.37
875,Tamera,Dopson,tdopsonoa@studiopress.com,Agender,33.165.91.131
876,Inger,Childes,ichildesob@shinystat.com,Agender,120.156.114.140
877,Philipa,Lampett,plampettoc@nymag.com,Female,77.189.31.42
878,Trista,Pittman,tpittmanod@nifty.com,Bigender,33.118.55.151
879,Krystle,Baldetti,kbaldettioe@patch.com,Genderfluid,112.59.91.20
880,Lise,Knyvett,lknyvettof@jiathis.com,Genderfluid,152.142.43.178
881,Hillard,Mashal,hmashalog@youku.com,Female,93.151.11.163
882,Pen,McIlwrick,pmcilwrickoh@oaic.gov.au,Bigender,45.193.163.198
883,Vernor,Dyers,vdyersoi@1688.com,Genderfluid,86.178.31.101
884,Abbey,Warlaw,awarlawoj@cyberchimps.com,Genderqueer,206.135.178.155
885,Elisa,Bourne,ebourneok@accuweather.com,Polygender,95.30.183.23
886,Gabriela,Jayes,gjayesol@theguardian.com,Bigender,56.210.254.126
887,Raf,Ibbitson,ribbitsonom@tripod.com,Genderqueer,26.101.239.17
888,Raye,Huddleston,rhuddlestonon@geocities.jp,Female,244.52.123.139
889,Maryanne,Atmore,matmoreoo@ask.com,Genderfluid,18.89.108.146
890,Malorie,Bowler,mbowlerop@state.gov,Non-binary,130.250.8.26
891,Modesta,Leidecker,mleideckeroq@fotki.com,Genderfluid,241.55.61.61
892,Bobby,Devanny,bdevannyor@histats.com,Male,84.18.229.140
893,Tania,Branni,tbrannios@ft.com,Female,66.35.1.135
894,Evanne,Lamar,elamarot@noaa.gov,Female,188.77.50.104
895,Bettye,Bondley,bbondleyou@stumbleupon.com,Male,223.58.102.113
896,Milt,Ranklin,mranklinov@yale.edu,Male,61.85.126.128
897,Min,Purrier,mpurrierow@naver.com,Genderqueer,8.169.89.2
898,Chauncey,Rance,cranceox@mlb.com,Agender,125.19.238.137
899,Urbano,Earingey,uearingeyoy@yellowpages.com,Polygender,15.65.148.165
900,Stefa,Marrett,smarrettoz@msn.com,Agender,159.120.167.145
901,Carroll,Scneider,cscneiderp0@mlb.com,Female,226.68.142.115
902,Pet,Jolin,pjolinp1@mapquest.com,Polygender,117.64.153.75
903,Loretta,Archbald,larchbaldp2@forbes.com,Bigender,201.254.209.167
904,Lolita,De Biasio,ldebiasiop3@canalblog.com,Female,157.237.226.110
905,Sargent,Digan,sdiganp4@flavors.me,Genderfluid,5.5.52.38
906,Tybalt,Achrameev,tachrameevp5@nationalgeographic.com,Bigender,224.232.97.109
907,Shaylah,Fenny,sfennyp6@reference.com,Agender,89.210.73.15
908,Red,Vedntyev,rvedntyevp7@joomla.org,Non-binary,151.195.249.76
909,Ronalda,Isacoff,risacoffp8@opensource.org,Non-binary,102.189.43.239
910,Clary,Girardengo,cgirardengop9@1und1.de,Female,199.97.105.124
911,Neda,Leason,nleasonpa@furl.net,Polygender,225.119.24.1
912,Shantee,Skrine,sskrinepb@spiegel.de,Genderfluid,83.216.185.42
913,Thatcher,Band,tbandpc@prweb.com,Genderqueer,202.45.47.23
914,Kathye,Elson,kelsonpd@yahoo.co.jp,Genderfluid,122.180.52.66
915,Deonne,Figure,dfigurepe@census.gov,Non-binary,120.69.11.254
916,Alexandrina,Ferrao,aferraopf@addtoany.com,Genderfluid,69.78.89.196
917,Gaelan,Paulton,gpaultonpg@deviantart.com,Non-binary,250.88.223.101
918,Shaylyn,Goly,sgolyph@webeden.co.uk,Non-binary,213.234.155.200
919,Jillayne,Dorber,jdorberpi@cpanel.net,Female,18.26.203.202
920,Sean,Birden,sbirdenpj@nps.gov,Male,113.101.38.161
921,Noella,Cranke,ncrankepk@nps.gov,Agender,58.129.36.189
922,Cathi,Sunnex,csunnexpl@imageshack.us,Polygender,233.225.30.141
923,Mable,Postlewhite,mpostlewhitepm@stanford.edu,Non-binary,234.110.159.38
924,Rolfe,Byrth,rbyrthpn@senate.gov,Genderfluid,53.112.237.189
925,Cory,Drummer,cdrummerpo@hatena.ne.jp,Agender,231.160.118.168
926,Terrie,Shallo,tshallopp@uiuc.edu,Genderfluid,83.118.129.141
927,Milli,Episcopi,mepiscopipq@homestead.com,Female,218.163.203.209
928,Stefan,Spinas,sspinaspr@freewebs.com,Polygender,23.65.47.54
929,Woodman,Dreinan,wdreinanps@prlog.org,Genderqueer,72.129.124.249
930,Agatha,Feria,aferiapt@stumbleupon.com,Agender,45.69.113.218
931,Astrid,Booth,aboothpu@blogger.com,Genderqueer,22.220.12.171
932,Kerry,Halbert,khalbertpv@japanpost.jp,Polygender,183.77.30.174
933,Gawain,Dene,gdenepw@freewebs.com,Bigender,53.72.196.248
934,Megen,Gamlyn,mgamlynpx@sourceforge.net,Genderfluid,83.54.238.76
935,Lora,Conford,lconfordpy@myspace.com,Polygender,174.146.156.172
936,Libbie,Spadelli,lspadellipz@microsoft.com,Agender,137.216.236.15
937,Maura,Sudell,msudellq0@symantec.com,Genderqueer,199.233.234.63
938,Debi,Endersby,dendersbyq1@bizjournals.com,Polygender,141.24.82.20
939,Arnaldo,Dearle-Palser,adearlepalserq2@addthis.com,Bigender,160.246.179.60
940,Riki,Wilgar,rwilgarq3@nba.com,Female,166.115.153.206
941,Moselle,Baruch,mbaruchq4@woothemes.com,Male,24.171.115.65
942,Hebert,Tilio,htilioq5@amazon.co.uk,Genderfluid,62.45.185.210
943,Erich,Kimber,ekimberq6@bbc.co.uk,Agender,127.69.186.60
944,Erv,Roset,erosetq7@hud.gov,Genderqueer,126.31.95.136
945,Lek,Infante,linfanteq8@amazon.de,Polygender,249.84.194.199
946,Gustav,Bidmead,gbidmeadq9@360.cn,Genderqueer,169.166.207.137
947,Sally,Haresnape,sharesnapeqa@economist.com,Genderfluid,132.5.42.109
948,Davine,Hayth,dhaythqb@umich.edu,Bigender,3.32.25.112
949,Perry,Suggey,psuggeyqc@last.fm,Polygender,94.116.153.49
950,Melody,Pigford,mpigfordqd@smh.com.au,Male,172.69.220.109
951,Sarita,Slyde,sslydeqe@vinaora.com,Agender,41.201.98.106
952,Killian,Shutler,kshutlerqf@pen.io,Agender,72.185.252.176
953,Wells,Aynold,waynoldqg@t-online.de,Genderqueer,165.2.187.102
954,Cecilla,De Angelo,cdeangeloqh@tinyurl.com,Genderqueer,214.232.240.40
955,Mickie,Philott,mphilottqi@sogou.com,Genderfluid,96.180.244.85
956,Fredelia,Haldon,fhaldonqj@google.co.jp,Male,109.252.229.26
957,Tandy,Winley,twinleyqk@hp.com,Genderqueer,39.210.150.68
958,Guy,Braune,gbrauneql@over-blog.com,Bigender,51.190.83.211
959,Bonny,Sandercroft,bsandercroftqm@howstuffworks.com,Genderfluid,113.75.3.76
960,Randolf,Lademann,rlademannqn@amazon.com,Polygender,209.156.34.144
961,Cullen,Gilson,cgilsonqo@jiathis.com,Male,156.197.14.148
962,Esme,Luckwell,eluckwellqp@yelp.com,Genderqueer,246.112.147.29
963,Rona,Purvis,rpurvisqq@businessweek.com,Bigender,211.60.86.66
964,Margette,Poles,mpolesqr@unicef.org,Female,3.181.136.93
965,Angelika,Powton,apowtonqs@google.com.hk,Agender,62.102.4.102
966,Viole,Kleint,vkleintqt@gizmodo.com,Bigender,109.246.135.39
967,Analiese,Paschek,apaschekqu@ycombinator.com,Genderqueer,14.213.161.67
968,Kissie,Givens,kgivensqv@hc360.com,Polygender,233.39.217.32
969,Derward,Sutherden,dsutherdenqw@bbb.org,Bigender,15.33.22.39
970,Andi,Haythorne,ahaythorneqx@bing.com,Male,213.233.243.246
971,Benita,Chumley,bchumleyqy@yelp.com,Polygender,37.118.232.150
972,Alastair,Cahalin,acahalinqz@gizmodo.com,Bigender,173.207.247.119
973,Hally,Pitts,hpittsr0@usa.gov,Agender,230.150.8.59
974,Thelma,Heustice,theusticer1@storify.com,Genderqueer,202.244.66.112
975,Lethia,Clegg,lcleggr2@cdbaby.com,Genderqueer,172.241.151.102
976,Binny,Bogeys,bbogeysr3@cpanel.net,Agender,141.151.50.204
977,Jennine,Jermin,jjerminr4@jugem.jp,Polygender,77.239.110.112
978,Marvin,Sends,msendsr5@statcounter.com,Polygender,186.58.214.156
979,Ricki,Cavolini,rcavolinir6@mediafire.com,Polygender,210.235.249.89
980,Willi,Penson,wpensonr7@amazonaws.com,Polygender,48.190.107.165
981,Morena,Ailward,mailwardr8@biblegateway.com,Polygender,41.226.137.184
982,Kendrick,Darwood,kdarwoodr9@woothemes.com,Non-binary,89.59.211.221
983,Sharia,Skitteral,sskitteralra@creativecommons.org,Agender,141.124.118.8
984,Guenevere,Taylour,gtaylourrb@elpais.com,Agender,70.45.150.211
985,Beverlie,Pendlebury,bpendleburyrc@kickstarter.com,Polygender,192.50.184.102
986,Phaidra,Holberry,pholberryrd@usatoday.com,Agender,68.174.230.213
987,Frederich,Danis,fdanisre@usda.gov,Female,154.53.31.236
988,Bianca,Glencorse,bglencorserf@springer.com,Bigender,85.35.106.212
989,Theresina,Pendre,tpendrerg@gmpg.org,Agender,255.249.27.71
990,Osmond,Mushrow,omushrowrh@bloglines.com,Non-binary,241.175.141.64
991,Burton,Chatelain,bchatelainri@samsung.com,Non-binary,251.78.186.10
992,Robbi,Cartmell,rcartmellrj@washington.edu,Genderfluid,243.238.15.81
993,Crawford,Nelthropp,cnelthropprk@desdev.cn,Non-binary,139.233.38.205
994,Viola,Mc Gorley,vmcgorleyrl@symantec.com,Polygender,143.226.8.211
995,Cirstoforo,Bury,cburyrm@reuters.com,Non-binary,93.77.49.121
996,Valaree,Moughtin,vmoughtinrn@etsy.com,Female,101.51.68.241
997,Freddy,Schruyers,fschruyersro@goodreads.com,Male,40.140.19.11
998,Herby,Dignan,hdignanrp@vimeo.com,Genderqueer,151.251.129.193
999,Beatrice,Postlethwaite,bpostlethwaiterq@europa.eu,Bigender,65.158.227.204
1000,Sibilla,Kerbey,skerbeyrr@liveinternet.ru,Male,217.138.237.119
